USE [Quan_Ly_Benh_Vien]
GO

-- Nga

-- đăng ký khám bệnh
INSERT [dbo].[PDK_KHAMBENH] ([idDKKhambenh], [NgayLap], [LyDoKham], [ThoiGianBatDauTrieuChung], [PhongKhamSo], [TienSuBenhLyBanThan], [TienSuBenhLyGiaDinh], [ThuocDangSuDung], [KhamBHYT], [TrangThai], [idBenhNhan], [idKhoa], [idNguoiDung]) VALUES (N'DKKB0001  ', CAST(N'2023-11-20T08:30:00.000' AS DateTime), N'Tái khám sau mổ ruột thừa', CAST(N'2023-11-01' AS Date), N'P301', N'Mổ ruột thừa ngày 25/10/2023', N'Không có', N'Thuốc theo toa bác sĩ', 0, N'Chờ khám', N'BN0001    ', N'K0004     ', N'ND0001    ')
INSERT [dbo].[PDK_KHAMBENH] ([idDKKhambenh], [NgayLap], [LyDoKham], [ThoiGianBatDauTrieuChung], [PhongKhamSo], [TienSuBenhLyBanThan], [TienSuBenhLyGiaDinh], [ThuocDangSuDung], [KhamBHYT], [TrangThai], [idBenhNhan], [idKhoa], [idNguoiDung]) VALUES (N'DKKB0002  ', CAST(N'2023-11-21T09:00:00.000' AS DateTime), N'Đau bụng vùng thượng vị', CAST(N'2023-11-20' AS Date), N'P205', N'Đau dạ dày', N'Bố bị đau dạ dày', N'Phosphalugel', 0, N'Chờ khám', N'BN0002    ', N'K0002     ', N'ND0001    ')
INSERT [dbo].[PDK_KHAMBENH] ([idDKKhambenh], [NgayLap], [LyDoKham], [ThoiGianBatDauTrieuChung], [PhongKhamSo], [TienSuBenhLyBanThan], [TienSuBenhLyGiaDinh], [ThuocDangSuDung], [KhamBHYT], [TrangThai], [idBenhNhan], [idKhoa], [idNguoiDung]) VALUES (N'DKKB0003  ', CAST(N'2023-11-21T10:15:00.000' AS DateTime), N'Khám sức khỏe định kỳ', NULL, N'P102', N'Khỏe mạnh', N'Mẹ bị cao huyết áp', NULL, 0, N'Đã đặt lịch', N'BN0003    ', N'K0003     ', N'ND0002    ')
INSERT [dbo].[PDK_KHAMBENH] ([idDKKhambenh], [NgayLap], [LyDoKham], [ThoiGianBatDauTrieuChung], [PhongKhamSo], [TienSuBenhLyBanThan], [TienSuBenhLyGiaDinh], [ThuocDangSuDung], [KhamBHYT], [TrangThai], [idBenhNhan], [idKhoa], [idNguoiDung]) VALUES (N'DKKB0004  ', CAST(N'2023-11-22T14:00:00.000' AS DateTime), N'Tái khám sau mổ ruột thừa', CAST(N'2023-11-01' AS Date), N'P301', N'Mổ ruột thừa ngày 25/10/2023', N'Không có', N'Thuốc theo toa bác sĩ', 1, N'Đã khám xong', N'BN0004    ', N'K0004     ', N'ND0003    ')
INSERT [dbo].[PDK_KHAMBENH] ([idDKKhambenh], [NgayLap], [LyDoKham], [ThoiGianBatDauTrieuChung], [PhongKhamSo], [TienSuBenhLyBanThan], [TienSuBenhLyGiaDinh], [ThuocDangSuDung], [KhamBHYT], [TrangThai], [idBenhNhan], [idKhoa], [idNguoiDung]) VALUES (N'DKKB0005  ', CAST(N'2023-11-22T15:30:00.000' AS DateTime), N'Chóng mặt, hoa mắt', CAST(N'2023-11-22' AS Date), N'P101', N'Tiền sử thiếu máu', N'Không rõ', N'Viên bổ sung sắt', 1, N'Chờ kết quả cận lâm sàng', N'BN0005    ', N'K0005     ', N'ND0002    ')
GO

-- khám bệnh
INSERT [dbo].[P_KHAMBENH] ([idKhamBenh], [NgayKham], [QuaTrinhBenhLy], [TrieuChungDiKem], [ToanTrang], [ChiSoMach], [ChiSoNhietDo], [ChiSoHuyetAp], [ChiSoNhipTho], [ChiSoSpO2], [TieuHoa], [TimMach], [HoHap], [HuyetAp], [ThanTietNieu], [ThanKinh], [Khac], [TienLuong], [DieuTriNgoaiTru], [NhapVien], [ChuyenKhamChuyenKhoaKhac], [ChanDoanPhanBiet], [GhiChu], [NhanXet], [LoiDan], [NgayTaiKham], [LyDoTaiKham], [idHoSo], [idDKKhamBenh], [idCanLamSang], [idVacxin], [idICDChanDoan], [idICDKetLuan], [idNguoiDung], [idLoaiKham]) VALUES (N'KB0001    ', CAST(N'2023-11-20T09:00:00.000' AS DateTime), N'Bệnh nhân sốt, ho 2 ngày', N'Đau họng, sổ mũi', N'Tỉnh táo, tiếp xúc tốt', 80, 38, N'120/80    ', 20, 98, N'Bình thường', N'Nhịp tim đều', N'Họng đỏ, phổi trong', NULL, N'Bình thường', N'Bình thường', NULL, N'Tốt', 1, 0, 0, N'Viêm amidan', N'Kê toa thuốc 5 ngày', N'Tình trạng ổn định', N'Uống nhiều nước, nghỉ ngơi, súc họng', CAST(N'2023-11-25' AS Date), N'Tái khám nếu không đỡ', N'HS0001    ', N'DKKB0001  ', NULL, NULL, N'J02.9     ', N'J02.9     ', N'ND0001    ', N'LKH0001   ')
INSERT [dbo].[P_KHAMBENH] ([idKhamBenh], [NgayKham], [QuaTrinhBenhLy], [TrieuChungDiKem], [ToanTrang], [ChiSoMach], [ChiSoNhietDo], [ChiSoHuyetAp], [ChiSoNhipTho], [ChiSoSpO2], [TieuHoa], [TimMach], [HoHap], [HuyetAp], [ThanTietNieu], [ThanKinh], [Khac], [TienLuong], [DieuTriNgoaiTru], [NhapVien], [ChuyenKhamChuyenKhoaKhac], [ChanDoanPhanBiet], [GhiChu], [NhanXet], [LoiDan], [NgayTaiKham], [LyDoTaiKham], [idHoSo], [idDKKhamBenh], [idCanLamSang], [idVacxin], [idICDChanDoan], [idICDKetLuan], [idNguoiDung], [idLoaiKham]) VALUES (N'KB0002    ', CAST(N'2023-11-21T09:30:00.000' AS DateTime), N'Đau bụng âm ỉ vùng thượng vị sau khi ăn', N'Buồn nôn, ợ hơi', N'Tỉnh táo, da niêm mạc hồng', 85, 37, N'110/70    ', 18, 99, N'Ấn đau vùng thượng vị', N'Bình thường', N'Bình thường', NULL, N'Bình thường', N'Bình thường', NULL, N'Khá', 1, 0, 0, N'Trào ngược dạ dày', N'Chỉ định nội soi dạ dày', N'Nghi ngờ viêm loét dạ dày', N'Kiêng đồ chua cay, dầu mỡ', NULL, NULL, N'HS0002    ', N'DKKB0002  ', N'CLS0001   ', NULL, N'K29.7     ', N'K29.7     ', N'ND0001    ', N'LKH0001   ')
INSERT [dbo].[P_KHAMBENH] ([idKhamBenh], [NgayKham], [QuaTrinhBenhLy], [TrieuChungDiKem], [ToanTrang], [ChiSoMach], [ChiSoNhietDo], [ChiSoHuyetAp], [ChiSoNhipTho], [ChiSoSpO2], [TieuHoa], [TimMach], [HoHap], [HuyetAp], [ThanTietNieu], [ThanKinh], [Khac], [TienLuong], [DieuTriNgoaiTru], [NhapVien], [ChuyenKhamChuyenKhoaKhac], [ChanDoanPhanBiet], [GhiChu], [NhanXet], [LoiDan], [NgayTaiKham], [LyDoTaiKham], [idHoSo], [idDKKhamBenh], [idCanLamSang], [idVacxin], [idICDChanDoan], [idICDKetLuan], [idNguoiDung], [idLoaiKham]) VALUES (N'KB0003    ', CAST(N'2023-11-21T11:00:00.000' AS DateTime), N'Khám sức khỏe tổng quát định kỳ', N'Không có triệu chứng', N'Thể trạng tốt, không có dấu hiệu bất thường', 72, 37, N'120/75    ', 18, 99, N'Bình thường', N'Bình thường', N'Bình thường', NULL, N'Bình thường', N'Bình thường', NULL, N'Tốt', 0, 0, 0, N'Viêm họng', N'Các chỉ số trong giới hạn bình thường', N'Sức khỏe tốt', N'Duy trì chế độ ăn uống, tập luyện', NULL, NULL, N'HS0003    ', N'DKKB0003  ', N'CLS0002   ', NULL, N'Z00.0     ', N'Z00.0     ', N'ND0002    ', N'LKH0002   ')
INSERT [dbo].[P_KHAMBENH] ([idKhamBenh], [NgayKham], [QuaTrinhBenhLy], [TrieuChungDiKem], [ToanTrang], [ChiSoMach], [ChiSoNhietDo], [ChiSoHuyetAp], [ChiSoNhipTho], [ChiSoSpO2], [TieuHoa], [TimMach], [HoHap], [HuyetAp], [ThanTietNieu], [ThanKinh], [Khac], [TienLuong], [DieuTriNgoaiTru], [NhapVien], [ChuyenKhamChuyenKhoaKhac], [ChanDoanPhanBiet], [GhiChu], [NhanXet], [LoiDan], [NgayTaiKham], [LyDoTaiKham], [idHoSo], [idDKKhamBenh], [idCanLamSang], [idVacxin], [idICDChanDoan], [idICDKetLuan], [idNguoiDung], [idLoaiKham]) VALUES (N'KB0004    ', CAST(N'2023-11-22T14:30:00.000' AS DateTime), N'Tái khám sau mổ ruột thừa 7 ngày', N'Vết mổ hơi ngứa', N'Tỉnh táo, đi lại được', 75, 37, N'115/75    ', 19, 98, N'Bụng mềm, không chướng', N'Bình thường', N'Bình thường', NULL, N'Bình thường', N'Bình thường', N'Vết mổ khô, không sưng đỏ', N'Rất tốt', 1, 0, 0, N'Sốc nhiễm khuẩn', N'Kê thêm thuốc giảm sẹo', N'Vết mổ đang lành tốt', N'Cắt chỉ sau 2 ngày nữa', CAST(N'2023-11-24' AS Date), N'Cắt chỉ vết mổ', N'HS0004    ', N'DKKB0004  ', NULL, NULL, N'Z09.0     ', N'Z09.0     ', N'ND0003    ', N'LKH0003   ')
INSERT [dbo].[P_KHAMBENH] ([idKhamBenh], [NgayKham], [QuaTrinhBenhLy], [TrieuChungDiKem], [ToanTrang], [ChiSoMach], [ChiSoNhietDo], [ChiSoHuyetAp], [ChiSoNhipTho], [ChiSoSpO2], [TieuHoa], [TimMach], [HoHap], [HuyetAp], [ThanTietNieu], [ThanKinh], [Khac], [TienLuong], [DieuTriNgoaiTru], [NhapVien], [ChuyenKhamChuyenKhoaKhac], [ChanDoanPhanBiet], [GhiChu], [NhanXet], [LoiDan], [NgayTaiKham], [LyDoTaiKham], [idHoSo], [idDKKhamBenh], [idCanLamSang], [idVacxin], [idICDChanDoan], [idICDKetLuan], [idNguoiDung], [idLoaiKham]) VALUES (N'KB0005    ', CAST(N'2023-11-22T16:00:00.000' AS DateTime), N'Bệnh nhân sốt cao, khó thở 1 ngày', N'Ho có đờm, đau ngực', N'Mệt mỏi, da tái', 110, 39, N'100/60    ', 28, 92, N'Bình thường', N'Nhịp tim nhanh', N'Phổi có rale ẩm 2 bên', NULL, N'Tiểu ít', N'Lơ mơ', NULL, N'Nặng', 0, 1, 0, N'Sốc nhiễm khuẩn', N'Chỉ định nhập viện khoa Hồi sức tích cực', N'Nghi ngờ viêm phổi nặng', N'Theo dõi sát tại bệnh viện', NULL, NULL, N'HS0005    ', N'DKKB0005  ', N'CLS0003   ', NULL, N'J18.9     ', N'J18.9     ', N'ND0001    ', N'LKH0001   ')
GO

-- xét nghiệm
INSERT [dbo].[P_XETNGHIEM] ([idXetNghiem], [NgayLap], [GiaTriKetQua_So], [GiaTriKetQua_Text], [DVTKetQua], [KhoangThamChieuApDung], [idNguoiDung], [idKhamBenh], [idCanLamSang]) VALUES (N'XN0001    ', CAST(N'2023-11-20T10:30:00.000' AS DateTime), CAST(11.5000 AS Decimal(18, 4)), N'Tăng nhẹ', N'G/L', N'4.0 - 10.0', N'ND0001    ', N'KB0001    ', N'CLS0004   ')
INSERT [dbo].[P_XETNGHIEM] ([idXetNghiem], [NgayLap], [GiaTriKetQua_So], [GiaTriKetQua_Text], [DVTKetQua], [KhoangThamChieuApDung], [idNguoiDung], [idKhamBenh], [idCanLamSang]) VALUES (N'XN0002    ', CAST(N'2023-11-20T10:30:00.000' AS DateTime), CAST(14.2000 AS Decimal(18, 4)), N'Bình thường', N'g/dL', N'13.5 - 17.5', N'ND0001    ', N'KB0001    ', N'CLS0004   ')
INSERT [dbo].[P_XETNGHIEM] ([idXetNghiem], [NgayLap], [GiaTriKetQua_So], [GiaTriKetQua_Text], [DVTKetQua], [KhoangThamChieuApDung], [idNguoiDung], [idKhamBenh], [idCanLamSang]) VALUES (N'XN0003    ', CAST(N'2023-11-20T10:30:00.000' AS DateTime), CAST(250.0000 AS Decimal(18, 4)), N'Bình thường', N'G/L', N'150 - 450', N'ND0001    ', N'KB0001    ', N'CLS0004   ')
INSERT [dbo].[P_XETNGHIEM] ([idXetNghiem], [NgayLap], [GiaTriKetQua_So], [GiaTriKetQua_Text], [DVTKetQua], [KhoangThamChieuApDung], [idNguoiDung], [idKhamBenh], [idCanLamSang]) VALUES (N'XN0004    ', CAST(N'2023-11-21T11:00:00.000' AS DateTime), NULL, N'Dương tính', NULL, N'Âm tính', N'ND0002    ', N'KB0002    ', N'CLS0001   ')
INSERT [dbo].[P_XETNGHIEM] ([idXetNghiem], [NgayLap], [GiaTriKetQua_So], [GiaTriKetQua_Text], [DVTKetQua], [KhoangThamChieuApDung], [idNguoiDung], [idKhamBenh], [idCanLamSang]) VALUES (N'XN0005    ', CAST(N'2023-11-21T11:00:00.000' AS DateTime), CAST(5.1000 AS Decimal(18, 4)), N'Bình thường', N'mmol/L', N'3.9 - 6.4', N'ND0002    ', N'KB0002    ', N'CLS0001   ')
INSERT [dbo].[P_XETNGHIEM] ([idXetNghiem], [NgayLap], [GiaTriKetQua_So], [GiaTriKetQua_Text], [DVTKetQua], [KhoangThamChieuApDung], [idNguoiDung], [idKhamBenh], [idCanLamSang]) VALUES (N'XN0006    ', CAST(N'2023-11-21T11:00:00.000' AS DateTime), CAST(88.0000 AS Decimal(18, 4)), N'Bình thường', N'µmol/L', N'62 - 115', N'ND0002    ', N'KB0002    ', N'CLS0001   ')
INSERT [dbo].[P_XETNGHIEM] ([idXetNghiem], [NgayLap], [GiaTriKetQua_So], [GiaTriKetQua_Text], [DVTKetQua], [KhoangThamChieuApDung], [idNguoiDung], [idKhamBenh], [idCanLamSang]) VALUES (N'XN0007    ', CAST(N'2023-11-22T17:00:00.000' AS DateTime), CAST(150.0000 AS Decimal(18, 4)), N'Tăng rất cao', N'mg/L', N'< 5.0', N'ND0001    ', N'KB0005    ', N'CLS0003   ')
INSERT [dbo].[P_XETNGHIEM] ([idXetNghiem], [NgayLap], [GiaTriKetQua_So], [GiaTriKetQua_Text], [DVTKetQua], [KhoangThamChieuApDung], [idNguoiDung], [idKhamBenh], [idCanLamSang]) VALUES (N'XN0008    ', CAST(N'2023-11-22T17:00:00.000' AS DateTime), CAST(12.5000 AS Decimal(18, 4)), N'Tăng rất cao, nguy cơ nhiễm khuẩn huyết', N'ng/mL', N'< 0.5', N'KTV01     ', N'KB0005    ', N'CLS0003   ')
INSERT [dbo].[P_XETNGHIEM] ([idXetNghiem], [NgayLap], [GiaTriKetQua_So], [GiaTriKetQua_Text], [DVTKetQua], [KhoangThamChieuApDung], [idNguoiDung], [idKhamBenh], [idCanLamSang]) VALUES (N'XN0009    ', CAST(N'2023-11-22T17:00:00.000' AS DateTime), NULL, N'A, Rh+', NULL, NULL, N'ND0001    ', N'KB0005    ', N'CLS0003   ')
GO

-- hồ sơ bệnh án
INSERT [dbo].[HOSOBENHAN] ([idHoSo], [NgayLap], [NoiChuyenDen], [GhiChu], [idNguoiDung], [idBenhNhan]) VALUES (N'HS0001    ', CAST(N'2023-01-10' AS Date), NULL, N'Bệnh nhân đến khám lần đầu. Tiền sử khỏe mạnh, không dị ứng thuốc.', N'ND0001    ', N'BN0001    ')
INSERT [dbo].[HOSOBENHAN] ([idHoSo], [NgayLap], [NoiChuyenDen], [GhiChu], [idNguoiDung], [idBenhNhan]) VALUES (N'HS0002    ', CAST(N'2023-02-20' AS Date), N'Phòng khám đa khoa Hoàn Mỹ', N'Bệnh nhân được chuyển đến từ phòng khám với chẩn đoán ban đầu là viêm phế quản cấp. Kèm theo hồ sơ từ phòng khám.', N'ND0002    ', N'BN0002    ')
INSERT [dbo].[HOSOBENHAN] ([idHoSo], [NgayLap], [NoiChuyenDen], [GhiChu], [idNguoiDung], [idBenhNhan]) VALUES (N'HS0003    ', CAST(N'2023-05-15' AS Date), N'Bệnh viện Đa khoa Tỉnh Long An', N'Chuyển viện do tai nạn giao thông, đa chấn thương. Tình trạng lúc nhập viện: tỉnh, đau nhiều vùng ngực và chân phải.', N'ND0003    ', N'BN0003    ')
INSERT [dbo].[HOSOBENHAN] ([idHoSo], [NgayLap], [NoiChuyenDen], [GhiChu], [idNguoiDung], [idBenhNhan]) VALUES (N'HS0004    ', CAST(N'2023-08-01' AS Date), NULL, N'Bệnh nhân tái khám sau 1 tháng phẫu thuật ruột thừa. Vết mổ khô, không sưng, không đau.', N'ND0001    ', N'BN0004    ')
INSERT [dbo].[HOSOBENHAN] ([idHoSo], [NgayLap], [NoiChuyenDen], [GhiChu], [idNguoiDung], [idBenhNhan]) VALUES (N'HS0005    ', CAST(N'2023-11-25' AS Date), N'Trung tâm y tế huyện Cần Giờ', N'Bệnh nhân cao tuổi, có tiền sử cao huyết áp, nhập viện vì nghi ngờ đột quỵ. Được sơ cứu tại tuyến dưới và chuyển lên.', N'ND0002    ', N'BN0005    ')
GO