USE [Quan_Ly_Benh_Vien]
GO

-- Hải

-- lịch tổng thể
INSERT [dbo].[LICH_TONGTHE] ([idLichTongThe], [TenLich], [TuNgay], [DenNgay], [TrangThai]) VALUES (N'LTT0001   ', N'Lịch làm việc Tháng 11/2024 - Khoa Cấp Cứu', CAST(N'2024-11-01' AS Date), CAST(N'2024-11-30' AS Date), N'Bản nháp')
INSERT [dbo].[LICH_TONGTHE] ([idLichTongThe], [TenLich], [TuNgay], [DenNgay], [TrangThai]) VALUES (N'LTT0002   ', N'Lịch làm việc Tháng 11/2024 - Khoa Nội tổng hợp', CAST(N'2024-11-01' AS Date), CAST(N'2024-11-30' AS Date), N'Đã công bố')
INSERT [dbo].[LICH_TONGTHE] ([idLichTongThe], [TenLich], [TuNgay], [DenNgay], [TrangThai]) VALUES (N'LTT0003   ', N'Lịch làm việc Tháng 10/2024 - Khoa Cấp Cứu', CAST(N'2024-10-01' AS Date), CAST(N'2024-10-31' AS Date), N'Đã lưu trữ')
INSERT [dbo].[LICH_TONGTHE] ([idLichTongThe], [TenLich], [TuNgay], [DenNgay], [TrangThai]) VALUES (N'LTT0004   ', N'Lịch làm việc Tháng 12/2024 - Khoa Nội tổng hợp', CAST(N'2024-12-01' AS Date), CAST(N'2024-12-31' AS Date), N'Bản nháp')
INSERT [dbo].[LICH_TONGTHE] ([idLichTongThe], [TenLich], [TuNgay], [DenNgay], [TrangThai]) VALUES (N'LTT0005   ', N'Lịch trực Tết Dương lịch 2025 - Toàn viện', CAST(N'2024-12-30' AS Date), CAST(N'2025-01-02' AS Date), N'Đã công bố')
GO

-- lịch làm việc
INSERT [dbo].[MAU_LICHLAMVIEC] ([idMauLich], [TenMauLich], [MoTa], [TrangThai], [HieuLucTuNgay], [HieuLucDenNgay], [NgayLap], [idKhoa], [idNguoiDung]) VALUES (N'ML0001    ', N'Lịch tuần chuẩn Khoa Nội', N'Mẫu lịch làm việc tiêu chuẩn áp dụng cho các tuần thông thường của Khoa Nội tổng hợp.', 1, CAST(N'2024-01-01T00:00:00.000' AS DateTime), NULL, CAST(N'2023-12-15' AS Date), N'K0001     ', N'ND0001    ')
INSERT [dbo].[MAU_LICHLAMVIEC] ([idMauLich], [TenMauLich], [MoTa], [TrangThai], [HieuLucTuNgay], [HieuLucDenNgay], [NgayLap], [idKhoa], [idNguoiDung]) VALUES (N'ML0002    ', N'Lịch tuần chuẩn Khoa Cấp Cứu', N'Mẫu lịch làm việc 24/7, chia 3 ca kíp cho Khoa Cấp Cứu.', 1, CAST(N'2024-01-01T00:00:00.000' AS DateTime), NULL, CAST(N'2023-12-15' AS Date), N'K0002     ', N'ND0001    ')
INSERT [dbo].[MAU_LICHLAMVIEC] ([idMauLich], [TenMauLich], [MoTa], [TrangThai], [HieuLucTuNgay], [HieuLucDenNgay], [NgayLap], [idKhoa], [idNguoiDung]) VALUES (N'ML0003    ', N'Lịch trực Tết Nguyên Đán 2025', N'Phân công lịch trực tăng cường và nghỉ bù cho nhân viên trong tuần lễ Tết Nguyên Đán 2025.', 1, CAST(N'2025-01-28T00:00:00.000' AS DateTime), CAST(N'2025-02-05T23:59:59.000' AS DateTime), CAST(N'2024-12-20' AS Date), N'K0002     ', N'ND0002    ')
INSERT [dbo].[MAU_LICHLAMVIEC] ([idMauLich], [TenMauLich], [MoTa], [TrangThai], [HieuLucTuNgay], [HieuLucDenNgay], [NgayLap], [idKhoa], [idNguoiDung]) VALUES (N'ML0004    ', N'Lịch mùa hè Khoa Nhi', N'Mẫu lịch áp dụng trong các tháng hè cao điểm (tháng 6-8) cho Khoa Nhi.', 1, CAST(N'2025-06-01T00:00:00.000' AS DateTime), CAST(N'2025-08-31T23:59:59.000' AS DateTime), CAST(N'2025-05-10' AS Date), N'K0003     ', N'ND0001    ')
INSERT [dbo].[MAU_LICHLAMVIEC] ([idMauLich], [TenMauLich], [MoTa], [TrangThai], [HieuLucTuNgay], [HieuLucDenNgay], [NgayLap], [idKhoa], [idNguoiDung]) VALUES (N'ML0005    ', N'Lịch thử nghiệm ca 12 tiếng (cũ)', N'Mẫu lịch thử nghiệm làm việc 2 ca, mỗi ca 12 tiếng. Đã không còn áp dụng.', 0, CAST(N'2023-01-01T00:00:00.000' AS DateTime), CAST(N'2023-06-30T23:59:59.000' AS DateTime), CAST(N'2022-12-20' AS Date), N'K0001     ', N'ND0001    ')
GO
INSERT [dbo].[MAUCT_LICH] ([idMauLichCT], [ThuTrongTuan], [LoaiCa], [GioBD], [GioKT], [SoLuongNhanVien], [VaiTroYeuCau], [idMauLich]) VALUES (N'MLCT0001  ', N'Thứ 2 đến Thứ 6', N'Ca Sáng', CAST(N'07:00:00' AS Time), CAST(N'15:00:00' AS Time), 3, N'1 Bác sĩ chính, 2 Điều dưỡng', N'ML0002    ')
INSERT [dbo].[MAUCT_LICH] ([idMauLichCT], [ThuTrongTuan], [LoaiCa], [GioBD], [GioKT], [SoLuongNhanVien], [VaiTroYeuCau], [idMauLich]) VALUES (N'MLCT0002  ', N'Thứ 2 đến Thứ 6', N'Ca Chiều', CAST(N'15:00:00' AS Time), CAST(N'23:00:00' AS Time), 3, N'1 Bác sĩ chính, 2 Điều dưỡng', N'ML0002    ')
INSERT [dbo].[MAUCT_LICH] ([idMauLichCT], [ThuTrongTuan], [LoaiCa], [GioBD], [GioKT], [SoLuongNhanVien], [VaiTroYeuCau], [idMauLich]) VALUES (N'MLCT0003  ', N'Thứ 2 đến Thứ 6', N'Ca Đêm', CAST(N'23:00:00' AS Time), CAST(N'07:00:00' AS Time), 2, N'1 Bác sĩ, 1 Điều dưỡng', N'ML0002    ')
INSERT [dbo].[MAUCT_LICH] ([idMauLichCT], [ThuTrongTuan], [LoaiCa], [GioBD], [GioKT], [SoLuongNhanVien], [VaiTroYeuCau], [idMauLich]) VALUES (N'MLCT0004  ', N'Thứ 7 và Chủ Nhật', N'Ca Ngày Cuối Tuần', CAST(N'08:00:00' AS Time), CAST(N'20:00:00' AS Time), 4, N'1 Bác sĩ trưởng kíp, 1 Bác sĩ, 2 Điều dưỡng', N'ML0002    ')
INSERT [dbo].[MAUCT_LICH] ([idMauLichCT], [ThuTrongTuan], [LoaiCa], [GioBD], [GioKT], [SoLuongNhanVien], [VaiTroYeuCau], [idMauLich]) VALUES (N'MLCT0005  ', N'Tùy chọn', N'Ca Trực Chuyên Gia', CAST(N'08:00:00' AS Time), CAST(N'17:00:00' AS Time), 1, N'Trưởng/Phó khoa hoặc chuyên gia được chỉ định', N'ML0002    ')
INSERT [dbo].[MAUCT_LICH] ([idMauLichCT], [ThuTrongTuan], [LoaiCa], [GioBD], [GioKT], [SoLuongNhanVien], [VaiTroYeuCau], [idMauLich]) VALUES (N'MLCT0006  ', N'Thứ 2 đến Thứ 6', N'Ca Hành chính', CAST(N'08:00:00' AS Time), CAST(N'17:00:00' AS Time), 5, N'1 Trưởng khoa, 2 Bác sĩ điều trị, 2 Điều dưỡng', N'ML0001    ')
INSERT [dbo].[MAUCT_LICH] ([idMauLichCT], [ThuTrongTuan], [LoaiCa], [GioBD], [GioKT], [SoLuongNhanVien], [VaiTroYeuCau], [idMauLich]) VALUES (N'MLCT0007  ', N'Tất cả các ngày', N'Ca Trực Đêm Nội Khoa', CAST(N'17:00:00' AS Time), CAST(N'08:00:00' AS Time), 2, N'1 Bác sĩ trực, 1 Điều dưỡng trực', N'ML0001    ')
INSERT [dbo].[MAUCT_LICH] ([idMauLichCT], [ThuTrongTuan], [LoaiCa], [GioBD], [GioKT], [SoLuongNhanVien], [VaiTroYeuCau], [idMauLich]) VALUES (N'MLCT0008  ', N'Ngày trực Tết', N'Ca Trực Ngày Tết', CAST(N'07:00:00' AS Time), CAST(N'19:00:00' AS Time), 5, N'Tăng cường 2 Bác sĩ, 3 Điều dưỡng', N'ML0003    ')
INSERT [dbo].[MAUCT_LICH] ([idMauLichCT], [ThuTrongTuan], [LoaiCa], [GioBD], [GioKT], [SoLuongNhanVien], [VaiTroYeuCau], [idMauLich]) VALUES (N'MLCT0009  ', N'Ngày trực Tết', N'Ca Trực Đêm Tết', CAST(N'19:00:00' AS Time), CAST(N'07:00:00' AS Time), 4, N'Tăng cường 2 Bác sĩ, 2 Điều dưỡng', N'ML0003    ')
INSERT [dbo].[MAUCT_LICH] ([idMauLichCT], [ThuTrongTuan], [LoaiCa], [GioBD], [GioKT], [SoLuongNhanVien], [VaiTroYeuCau], [idMauLich]) VALUES (N'MLCT0010  ', N'Thứ 7 hàng tuần', N'Ca Khám Sức Khỏe Định Kỳ', CAST(N'07:30:00' AS Time), CAST(N'11:30:00' AS Time), 3, N'2 Bác sĩ, 1 Điều dưỡng', N'ML0001    ')
GO

-- ca làm việc
INSERT [dbo].[CALAMVIEC] ([idCaLamViec], [NgayLamViec], [LoaiCa], [GioBD], [GioKT], [TrangThai], [ThoiGianPheDuyet], [LoaiCongViec], [GhiChu], [idNhanVien], [idNguoiDung], [idKhoa], [idLichTongThe], [idNguoiPheDuyet]) VALUES (N'CLV0001   ', CAST(N'2024-11-04' AS Date), N'Ca Sáng', CAST(N'07:00:00' AS Time), CAST(N'15:00:00' AS Time), N'Đã lên lịch', NULL, N'Thường', N'Ca trực đầu tuần', N'NV0003    ', N'ND0001    ', N'K0002     ', N'LTT0001   ', NULL)
INSERT [dbo].[CALAMVIEC] ([idCaLamViec], [NgayLamViec], [LoaiCa], [GioBD], [GioKT], [TrangThai], [ThoiGianPheDuyet], [LoaiCongViec], [GhiChu], [idNhanVien], [idNguoiDung], [idKhoa], [idLichTongThe], [idNguoiPheDuyet]) VALUES (N'CLV0002   ', CAST(N'2024-11-04' AS Date), N'Ca Chiều', CAST(N'15:00:00' AS Time), CAST(N'23:00:00' AS Time), N'Đã lên lịch', NULL, N'Thường', NULL, N'NV0005    ', N'ND0001    ', N'K0002     ', N'LTT0001   ', NULL)
INSERT [dbo].[CALAMVIEC] ([idCaLamViec], [NgayLamViec], [LoaiCa], [GioBD], [GioKT], [TrangThai], [ThoiGianPheDuyet], [LoaiCongViec], [GhiChu], [idNhanVien], [idNguoiDung], [idKhoa], [idLichTongThe], [idNguoiPheDuyet]) VALUES (N'CLV0003   ', CAST(N'2024-11-04' AS Date), N'Ca Đêm', CAST(N'23:00:00' AS Time), CAST(N'07:00:00' AS Time), N'Đã xác nhận', CAST(N'2024-11-01T09:30:00.000' AS DateTime), N'Thường', N'Nhân viên đã xác nhận lịch', N'NV0003    ', N'ND0001    ', N'K0002     ', N'LTT0001   ', N'NV0003    ')
INSERT [dbo].[CALAMVIEC] ([idCaLamViec], [NgayLamViec], [LoaiCa], [GioBD], [GioKT], [TrangThai], [ThoiGianPheDuyet], [LoaiCongViec], [GhiChu], [idNhanVien], [idNguoiDung], [idKhoa], [idLichTongThe], [idNguoiPheDuyet]) VALUES (N'CLV0004   ', CAST(N'2024-11-05' AS Date), N'Ca Hành chính', CAST(N'08:00:00' AS Time), CAST(N'17:00:00' AS Time), N'Đã hoàn thành', CAST(N'2024-11-02T14:00:00.000' AS DateTime), N'Thường', N'Đã hoàn thành công việc ngày', N'NV0001    ', N'ND0001    ', N'K0001     ', N'LTT0002   ', N'NV0001    ')
INSERT [dbo].[CALAMVIEC] ([idCaLamViec], [NgayLamViec], [LoaiCa], [GioBD], [GioKT], [TrangThai], [ThoiGianPheDuyet], [LoaiCongViec], [GhiChu], [idNhanVien], [idNguoiDung], [idKhoa], [idLichTongThe], [idNguoiPheDuyet]) VALUES (N'CLV0005   ', CAST(N'2024-11-05' AS Date), N'Ca Hành chính', CAST(N'08:00:00' AS Time), CAST(N'17:00:00' AS Time), N'Đã lên lịch', NULL, N'Thường', NULL, N'NV0002    ', N'ND0001    ', N'K0001     ', N'LTT0002   ', NULL)
INSERT [dbo].[CALAMVIEC] ([idCaLamViec], [NgayLamViec], [LoaiCa], [GioBD], [GioKT], [TrangThai], [ThoiGianPheDuyet], [LoaiCongViec], [GhiChu], [idNhanVien], [idNguoiDung], [idKhoa], [idLichTongThe], [idNguoiPheDuyet]) VALUES (N'CLV0006   ', CAST(N'2024-11-06' AS Date), N'Ca Sáng', CAST(N'07:00:00' AS Time), CAST(N'15:00:00' AS Time), N'Đã chuyển ca', NULL, N'Thường', N'Đã được chuyển cho NV005', N'NV0002    ', N'ND0001    ', N'K0001     ', N'LTT0002   ', NULL)
INSERT [dbo].[CALAMVIEC] ([idCaLamViec], [NgayLamViec], [LoaiCa], [GioBD], [GioKT], [TrangThai], [ThoiGianPheDuyet], [LoaiCongViec], [GhiChu], [idNhanVien], [idNguoiDung], [idKhoa], [idLichTongThe], [idNguoiPheDuyet]) VALUES (N'CLV0007   ', CAST(N'2024-11-07' AS Date), N'Ca Chiều', CAST(N'15:00:00' AS Time), CAST(N'23:00:00' AS Time), N'Đã hủy', NULL, N'Thường', N'Nhân viên xin nghỉ phép đã được duyệt', N'NV0005    ', N'ND0001    ', N'K0002     ', N'LTT0001   ', NULL)
INSERT [dbo].[CALAMVIEC] ([idCaLamViec], [NgayLamViec], [LoaiCa], [GioBD], [GioKT], [TrangThai], [ThoiGianPheDuyet], [LoaiCongViec], [GhiChu], [idNhanVien], [idNguoiDung], [idKhoa], [idLichTongThe], [idNguoiPheDuyet]) VALUES (N'CLV0008   ', CAST(N'2025-06-13' AS Date), N'Ca sáng', CAST(N'06:00:00' AS Time), CAST(N'14:00:00' AS Time), N'Đã lên lịch', NULL, N'holiday', N'', N'NV0005    ', NULL, N'K0004     ', N'LTT0001   ', NULL)
GO

-- chuyển ca
INSERT [dbo].[PYC_CHUYENCA] ([idYeuCauChuyenCa], [NgayChuyen], [LyDo], [TrangThai], [NgayYeuCau], [NgayPheDuyet], [GhiChuPheDuyet], [CanBuCa], [GhiChu], [idNhanVienCu], [idNhanVienMoi], [idCaLamViecGoc], [idCaLamViecMoi], [idCaLamViecBu], [idNguoiDung], [idNguoiPheDuyet]) VALUES (N'YCCC0002  ', CAST(N'2023-11-25' AS Date), N'Bị ốm, xin đổi ca với NV0004.', N'Chờ duyệt', CAST(N'2023-11-24' AS Date), NULL, NULL, 0, N'Đã có sự đồng ý của NV0004.', N'NV0003    ', N'NV0004    ', N'CLV0002   ', N'CLV0004   ', NULL, N'ND0003    ', NULL)
INSERT [dbo].[PYC_CHUYENCA] ([idYeuCauChuyenCa], [NgayChuyen], [LyDo], [TrangThai], [NgayYeuCau], [NgayPheDuyet], [GhiChuPheDuyet], [CanBuCa], [GhiChu], [idNhanVienCu], [idNhanVienMoi], [idCaLamViecGoc], [idCaLamViecMoi], [idCaLamViecBu], [idNguoiDung], [idNguoiPheDuyet]) VALUES (N'YCCC0003  ', CAST(N'2023-12-01' AS Date), N'Xin đổi ca để đi du lịch.', N'Từ chối', CAST(N'2023-11-20' AS Date), CAST(N'2023-11-21T09:00:00.000' AS DateTime), N'Không duyệt do không phải lý do chính đáng.', 0, NULL, N'NV0005    ', N'NV0001    ', N'CLV0003   ', N'CLV0002   ', NULL, N'ND0005    ', N'ND0004    ')
INSERT [dbo].[PYC_CHUYENCA] ([idYeuCauChuyenCa], [NgayChuyen], [LyDo], [TrangThai], [NgayYeuCau], [NgayPheDuyet], [GhiChuPheDuyet], [CanBuCa], [GhiChu], [idNhanVienCu], [idNhanVienMoi], [idCaLamViecGoc], [idCaLamViecMoi], [idCaLamViecBu], [idNguoiDung], [idNguoiPheDuyet]) VALUES (N'YCCC0004  ', CAST(N'2023-12-10' AS Date), N'Con ốm, cần người trông. Sẽ làm bù vào ca sau.', N'Đã duyệt', CAST(N'2023-12-09' AS Date), CAST(N'2023-12-09T17:00:00.000' AS DateTime), N'Đồng ý, sắp xếp làm bù.', 1, N'NV002 sẽ làm thay ca này.', N'NV0001    ', N'NV0002    ', N'CLV0001   ', N'CLV0002   ', N'CLV0002   ', N'ND0001    ', N'ND0004    ')
INSERT [dbo].[PYC_CHUYENCA] ([idYeuCauChuyenCa], [NgayChuyen], [LyDo], [TrangThai], [NgayYeuCau], [NgayPheDuyet], [GhiChuPheDuyet], [CanBuCa], [GhiChu], [idNhanVienCu], [idNhanVienMoi], [idCaLamViecGoc], [idCaLamViecMoi], [idCaLamViecBu], [idNguoiDung], [idNguoiPheDuyet]) VALUES (N'YCCC0005  ', CAST(N'2023-12-15' AS Date), N'Tham gia khóa đào tạo nghiệp vụ của công ty.', N'Chờ duyệt', CAST(N'2023-12-05' AS Date), NULL, NULL, 0, N'Đã tìm được người đổi là NV0003.', N'NV0004    ', N'NV0003    ', N'CLV0003   ', N'CLV0004   ', NULL, N'ND0004    ', NULL)
GO

-- đơn nghỉ phép
INSERT [dbo].[DON_NGHIPHEP] ([idNghiPhep], [LoaiPhep], [NgayBD], [NgayKT], [GioBD], [GioKT], [NghiCaNgay], [TongNgayNghi], [LyDo], [TrangThai], [NgayLap], [NgayPheDuyet], [GhiChuPheDuyet], [HoTenNguoiLienHe], [SDTNguoiLienHe], [MoiQuanHe], [GhiChu], [idNhanVien], [idNguoiDung], [idNguoiPheDuyet], [idNhanVienThayThe]) VALUES (N'NP0001    ', N'Nghỉ phép năm', CAST(N'2023-10-25' AS Date), CAST(N'2023-10-26' AS Date), NULL, NULL, 1, 2, N'Giải quyết việc gia đình', N'Đã duyệt', CAST(N'2023-10-20' AS Date), CAST(N'2023-10-21T09:30:00.000' AS DateTime), N'Đồng ý, bàn giao công việc cho người thay thế.', N'Trần Văn An', N'0901234567', N'Đồng nghiệp', N'Đã bàn giao công việc', N'NV0001    ', N'ND0001    ', N'ND0001    ', N'NV0002    ')
INSERT [dbo].[DON_NGHIPHEP] ([idNghiPhep], [LoaiPhep], [NgayBD], [NgayKT], [GioBD], [GioKT], [NghiCaNgay], [TongNgayNghi], [LyDo], [TrangThai], [NgayLap], [NgayPheDuyet], [GhiChuPheDuyet], [HoTenNguoiLienHe], [SDTNguoiLienHe], [MoiQuanHe], [GhiChu], [idNhanVien], [idNguoiDung], [idNguoiPheDuyet], [idNhanVienThayThe]) VALUES (N'NP0002    ', N'Nghỉ ốm', CAST(N'2023-11-05' AS Date), CAST(N'2023-11-05' AS Date), CAST(N'13:00:00' AS Time), CAST(N'17:00:00' AS Time), 0, 0.5, N'Bị sốt, cần đi khám bác sĩ', N'Chờ duyệt', CAST(N'2023-11-05' AS Date), NULL, NULL, NULL, NULL, NULL, N'Sẽ bổ sung giấy khám bệnh sau', N'NV0003    ', N'ND0003    ', N'ND0002    ', NULL)
INSERT [dbo].[DON_NGHIPHEP] ([idNghiPhep], [LoaiPhep], [NgayBD], [NgayKT], [GioBD], [GioKT], [NghiCaNgay], [TongNgayNghi], [LyDo], [TrangThai], [NgayLap], [NgayPheDuyet], [GhiChuPheDuyet], [HoTenNguoiLienHe], [SDTNguoiLienHe], [MoiQuanHe], [GhiChu], [idNhanVien], [idNguoiDung], [idNguoiPheDuyet], [idNhanVienThayThe]) VALUES (N'NP0003    ', N'Nghỉ không lương', CAST(N'2023-12-15' AS Date), CAST(N'2023-12-20' AS Date), NULL, NULL, 1, 6, N'Đi du lịch nước ngoài', N'Từ chối', CAST(N'2023-11-10' AS Date), CAST(N'2023-11-11T15:00:00.000' AS DateTime), N'Không duyệt do cuối năm nhiều dự án cần hoàn thành.', NULL, NULL, NULL, NULL, N'NV0004    ', N'ND0004    ', N'ND0001    ', N'NV0005    ')
INSERT [dbo].[DON_NGHIPHEP] ([idNghiPhep], [LoaiPhep], [NgayBD], [NgayKT], [GioBD], [GioKT], [NghiCaNgay], [TongNgayNghi], [LyDo], [TrangThai], [NgayLap], [NgayPheDuyet], [GhiChuPheDuyet], [HoTenNguoiLienHe], [SDTNguoiLienHe], [MoiQuanHe], [GhiChu], [idNhanVien], [idNguoiDung], [idNguoiPheDuyet], [idNhanVienThayThe]) VALUES (N'NP0004    ', N'Nghỉ phép năm', CAST(N'2024-01-10' AS Date), CAST(N'2024-01-10' AS Date), NULL, NULL, 1, 1, N'Đưa con đi tiêm phòng', N'Đã duyệt', CAST(N'2024-01-08' AS Date), CAST(N'2024-01-08T10:00:00.000' AS DateTime), N'Đồng ý', N'Lê Thị Bình', N'0987654321', N'Vợ', NULL, N'NV0002    ', N'ND0002    ', N'ND0001    ', N'NV0003    ')
INSERT [dbo].[DON_NGHIPHEP] ([idNghiPhep], [LoaiPhep], [NgayBD], [NgayKT], [GioBD], [GioKT], [NghiCaNgay], [TongNgayNghi], [LyDo], [TrangThai], [NgayLap], [NgayPheDuyet], [GhiChuPheDuyet], [HoTenNguoiLienHe], [SDTNguoiLienHe], [MoiQuanHe], [GhiChu], [idNhanVien], [idNguoiDung], [idNguoiPheDuyet], [idNhanVienThayThe]) VALUES (N'NP0005    ', N'Nghỉ kết hôn', CAST(N'2024-02-14' AS Date), CAST(N'2024-02-16' AS Date), NULL, NULL, 1, 3, N'Tổ chức lễ cưới', N'Chờ duyệt', CAST(N'2024-01-15' AS Date), NULL, NULL, NULL, NULL, NULL, N'Sẽ bổ sung giấy đăng ký kết hôn', N'NV0005    ', N'ND0005    ', N'ND0002    ', N'NV0001    ')
GO
INSERT [dbo].[NGHIPHEP_ANHHUONGCA] ([idNghiPhep], [idCaLamViec]) VALUES (N'NP0001    ', N'CLV0001   ')
INSERT [dbo].[NGHIPHEP_ANHHUONGCA] ([idNghiPhep], [idCaLamViec]) VALUES (N'NP0001    ', N'CLV0002   ')
INSERT [dbo].[NGHIPHEP_ANHHUONGCA] ([idNghiPhep], [idCaLamViec]) VALUES (N'NP0001    ', N'CLV0003   ')
INSERT [dbo].[NGHIPHEP_ANHHUONGCA] ([idNghiPhep], [idCaLamViec]) VALUES (N'NP0002    ', N'CLV0004   ')
INSERT [dbo].[NGHIPHEP_ANHHUONGCA] ([idNghiPhep], [idCaLamViec]) VALUES (N'NP0003    ', N'CLV0006   ')
INSERT [dbo].[NGHIPHEP_ANHHUONGCA] ([idNghiPhep], [idCaLamViec]) VALUES (N'NP0003    ', N'CLV0007   ')
INSERT [dbo].[NGHIPHEP_ANHHUONGCA] ([idNghiPhep], [idCaLamViec]) VALUES (N'NP0004    ', N'CLV0005   ')
GO