USE [Quan_Ly_Benh_Vien]
GO

-- Thao

-- yêu cầu dược phẩm
INSERT [dbo].[PYC_DUOCPHAM] ([idYeuCauDuocPham], [NgayLap], [NgayYeuCau], [TrangThai], [NgayPheDuyet], [idNguoiDung], [idNguoiPheDuyet]) VALUES (N'YCDP0001  ', CAST(N'2023-11-15' AS Date), CAST(N'2023-11-20' AS Date), N'Đã duyệt', N'2023-11-16', N'ND0001    ', N'ND0005    ')
INSERT [dbo].[PYC_DUOCPHAM] ([idYeuCauDuocPham], [NgayLap], [NgayYeuCau], [TrangThai], [NgayPheDuyet], [idNguoiDung], [idNguoiPheDuyet]) VALUES (N'YCDP0002  ', CAST(N'2023-11-18' AS Date), CAST(N'2023-11-25' AS Date), N'Chờ duyệt', NULL, N'ND0002    ', N'ND0005    ')
INSERT [dbo].[PYC_DUOCPHAM] ([idYeuCauDuocPham], [NgayLap], [NgayYeuCau], [TrangThai], [NgayPheDuyet], [idNguoiDung], [idNguoiPheDuyet]) VALUES (N'YCDP0003  ', CAST(N'2023-11-19' AS Date), CAST(N'2023-11-22' AS Date), N'Từ chối', N'2023-11-20', N'ND0001    ', N'ND0004    ')
INSERT [dbo].[PYC_DUOCPHAM] ([idYeuCauDuocPham], [NgayLap], [NgayYeuCau], [TrangThai], [NgayPheDuyet], [idNguoiDung], [idNguoiPheDuyet]) VALUES (N'YCDP0004  ', CAST(N'2023-11-20' AS Date), CAST(N'2023-11-30' AS Date), N'Chờ duyệt', NULL, N'ND0003    ', N'ND0005    ')
INSERT [dbo].[PYC_DUOCPHAM] ([idYeuCauDuocPham], [NgayLap], [NgayYeuCau], [TrangThai], [NgayPheDuyet], [idNguoiDung], [idNguoiPheDuyet]) VALUES (N'YCDP0005  ', CAST(N'2023-10-10' AS Date), CAST(N'2023-10-15' AS Date), N'Đã hoàn thành', N'2023-10-11', N'ND0002    ', N'ND0004    ')
GO
INSERT [dbo].[CT_YEUCAUDUOCPHAM] ([idChiTietYeuCau], [TenDuocPham], [LieuDung], [GhiChu], [SoLuong], [LaThuocMoi], [idYeuCauDuocPham], [idDuocPham], [idLoaiDuocPham]) VALUES (N'CTYCDP0001', N'Paracetamol 5000mg', N'Uống 1 viên khi sốt > 38.5 độ C', N'Viên nén', 200, 0, N'YCDP0001  ', N'DP0001    ', N'LDP0002   ')
INSERT [dbo].[CT_YEUCAUDUOCPHAM] ([idChiTietYeuCau], [TenDuocPham], [LieuDung], [GhiChu], [SoLuong], [LaThuocMoi], [idYeuCauDuocPham], [idDuocPham], [idLoaiDuocPham]) VALUES (N'CTYCDP0002', N'Amoxicillin 5000mg', N'Uống 1 viên/lần, 2 lần/ngày', N'Uống sau khi ăn no', 100, 0, N'YCDP0001  ', N'DP0002    ', N'LDP0001   ')
INSERT [dbo].[CT_YEUCAUDUOCPHAM] ([idChiTietYeuCau], [TenDuocPham], [LieuDung], [GhiChu], [SoLuong], [LaThuocMoi], [idYeuCauDuocPham], [idDuocPham], [idLoaiDuocPham]) VALUES (N'CTYCDP0003', N'Oresol', N'Pha 1 gói với 2000ml nước', N'Dùng cho khoa nhi', 50, 0, N'YCDP0002  ', N'DP0003    ', N'LDP0004   ')
INSERT [dbo].[CT_YEUCAUDUOCPHAM] ([idChiTietYeuCau], [TenDuocPham], [LieuDung], [GhiChu], [SoLuong], [LaThuocMoi], [idYeuCauDuocPham], [idDuocPham], [idLoaiDuocPham]) VALUES (N'CTYCDP0004', N'Berocca', N'1 viên sủi/ngày', N'Yêu cầu cho phòng hành chính', 30, 0, N'YCDP0003  ', N'DP0004    ', N'LDP0003   ')
INSERT [dbo].[CT_YEUCAUDUOCPHAM] ([idChiTietYeuCau], [TenDuocPham], [LieuDung], [GhiChu], [SoLuong], [LaThuocMoi], [idYeuCauDuocPham], [idDuocPham], [idLoaiDuocPham]) VALUES (N'CTYCDP0005', N'Cardicor 5mg', N'Theo chỉ định của bác sĩ', N'Thuốc mới, cần xin ý kiến hội đồng', 150, 1, N'YCDP0004  ', NULL, N'LDP0003   ')
INSERT [dbo].[CT_YEUCAUDUOCPHAM] ([idChiTietYeuCau], [TenDuocPham], [LieuDung], [GhiChu], [SoLuong], [LaThuocMoi], [idYeuCauDuocPham], [idDuocPham], [idLoaiDuocPham]) VALUES (N'CTYCDP0006', N'Aspirin 81mg', N'1 viên/ngày', N'Phòng ngừa huyết khối', 300, 0, N'YCDP0004  ', N'DP0005    ', N'LDP0005   ')
INSERT [dbo].[CT_YEUCAUDUOCPHAM] ([idChiTietYeuCau], [TenDuocPham], [LieuDung], [GhiChu], [SoLuong], [LaThuocMoi], [idYeuCauDuocPham], [idDuocPham], [idLoaiDuocPham]) VALUES (N'CTYCDP0007', N'Alaxan', N'Uống khi đau cơ, nhức mỏi', NULL, 100, 0, N'YCDP0005  ', N'DP0001    ', N'LDP0002   ')
GO

-- nhập kho
INSERT [dbo].[PNK_DUOCPHAM] ([idNhapKhoDuocPham], [NgayLap], [NgayNhapKho], [TrangThai], [NgayPheDuyet], [idNguoiPheDuyet], [idNCC], [idNguoiDung]) VALUES (N'NKDP0001  ', CAST(N'2025-11-10' AS Date), CAST(N'2023-11-12' AS Date), N'Đã nhập kho', CAST(N'2023-11-11' AS Date), N'ND0005    ', N'NCC0001   ', N'ND0001    ')
INSERT [dbo].[PNK_DUOCPHAM] ([idNhapKhoDuocPham], [NgayLap], [NgayNhapKho], [TrangThai], [NgayPheDuyet], [idNguoiPheDuyet], [idNCC], [idNguoiDung]) VALUES (N'NKDP0002  ', CAST(N'2023-11-20' AS Date), NULL, N'Chờ duyệt', NULL, NULL, N'NCC0002   ', N'ND0002    ')
INSERT [dbo].[PNK_DUOCPHAM] ([idNhapKhoDuocPham], [NgayLap], [NgayNhapKho], [TrangThai], [NgayPheDuyet], [idNguoiPheDuyet], [idNCC], [idNguoiDung]) VALUES (N'NKDP0003  ', CAST(N'2023-11-15' AS Date), NULL, N'Đã duyệt', CAST(N'2023-11-16' AS Date), N'ND0005    ', N'NCC0001   ', N'ND0001    ')
INSERT [dbo].[PNK_DUOCPHAM] ([idNhapKhoDuocPham], [NgayLap], [NgayNhapKho], [TrangThai], [NgayPheDuyet], [idNguoiPheDuyet], [idNCC], [idNguoiDung]) VALUES (N'NKDP0004  ', CAST(N'2023-11-17' AS Date), NULL, N'Đã hủy', CAST(N'2023-11-18' AS Date), N'ND0004    ', N'NCC0003   ', N'ND0002    ')
INSERT [dbo].[PNK_DUOCPHAM] ([idNhapKhoDuocPham], [NgayLap], [NgayNhapKho], [TrangThai], [NgayPheDuyet], [idNguoiPheDuyet], [idNCC], [idNguoiDung]) VALUES (N'NKDP0005  ', CAST(N'2023-10-05' AS Date), CAST(N'2023-10-08' AS Date), N'Đã nhập kho', CAST(N'2023-10-06' AS Date), N'ND0004    ', N'NCC0002   ', N'ND0001    ')
GO
INSERT [dbo].[CT_NHAPKHODUOCPHAM] ([idNhapKhoDuocPham], [idDuocPham], [HanSuDung], [NhaSX], [SoLuong], [DonGiaMua], [GhiChu]) VALUES (N'NKDP0001  ', N'DP0001    ', CAST(N'2026-11-01' AS Date), N'Dược Hậu Giang', 500, CAST(800.00 AS Decimal(18, 2)), N'Lô hàng 23A1')
INSERT [dbo].[CT_NHAPKHODUOCPHAM] ([idNhapKhoDuocPham], [idDuocPham], [HanSuDung], [NhaSX], [SoLuong], [DonGiaMua], [GhiChu]) VALUES (N'NKDP0001  ', N'DP0002    ', CAST(N'2025-08-15' AS Date), N'Traphaco', 300, CAST(1500.50 AS Decimal(18, 2)), NULL)
INSERT [dbo].[CT_NHAPKHODUOCPHAM] ([idNhapKhoDuocPham], [idDuocPham], [HanSuDung], [NhaSX], [SoLuong], [DonGiaMua], [GhiChu]) VALUES (N'NKDP0001  ', N'DP0003    ', CAST(N'2026-01-20' AS Date), N'Dược phẩm Imexpharm', 1000, CAST(2500.00 AS Decimal(18, 2)), N'Hàng nhập đợt 1')
INSERT [dbo].[CT_NHAPKHODUOCPHAM] ([idNhapKhoDuocPham], [idDuocPham], [HanSuDung], [NhaSX], [SoLuong], [DonGiaMua], [GhiChu]) VALUES (N'NKDP0003  ', N'DP0004    ', CAST(N'2025-05-30' AS Date), N'Bayer', 200, CAST(5000.00 AS Decimal(18, 2)), NULL)
INSERT [dbo].[CT_NHAPKHODUOCPHAM] ([idNhapKhoDuocPham], [idDuocPham], [HanSuDung], [NhaSX], [SoLuong], [DonGiaMua], [GhiChu]) VALUES (N'NKDP0003  ', N'DP0005    ', CAST(N'2026-06-01' AS Date), N'Bayer', 1000, CAST(550.75 AS Decimal(18, 2)), N'Nhập theo hợp đồng')
INSERT [dbo].[CT_NHAPKHODUOCPHAM] ([idNhapKhoDuocPham], [idDuocPham], [HanSuDung], [NhaSX], [SoLuong], [DonGiaMua], [GhiChu]) VALUES (N'NKDP0005  ', N'DP0001    ', CAST(N'2026-12-31' AS Date), N'Dược Hậu Giang', 1000, CAST(790.00 AS Decimal(18, 2)), N'Giá tốt hơn lô trước')
INSERT [dbo].[CT_NHAPKHODUOCPHAM] ([idNhapKhoDuocPham], [idDuocPham], [HanSuDung], [NhaSX], [SoLuong], [DonGiaMua], [GhiChu]) VALUES (N'NKDP0005  ', N'DP0006    ', CAST(N'2025-10-10' AS Date), N'United Pharma', 400, CAST(2200.00 AS Decimal(18, 2)), NULL)
GO

-- chuyển viện
INSERT [dbo].[PYC_CHUYENVIEN] ([idYeuCauChuyenVien], [NgayLap], [LyDo], [CoSoChuyenDen], [DiaChi], [NgayChuyen], [TrangThai], [NgayPheDuyet], [GhiChu], [MucDo], [YkienPheDuyet], [idBacSiPhuTrach], [idNguoiPheDuyet], [idBenhNhan], [idNguoiDung]) VALUES (N'YCCV0001  ', CAST(N'2023-10-20' AS Date), N'Bệnh nhân cần phẫu thuật tim mạch, vượt quá khả năng của bệnh viện.', N'Bệnh viện Chợ Rẫy', N'201B Nguyễn Chí Thanh, Phường 12, Quận 5, TP.HCM', CAST(N'2023-10-25' AS Date), N'Đã duyệt', CAST(N'2023-10-21' AS Date), N'Chuẩn bị đầy đủ hồ sơ bệnh án', N'Khẩn cấp', N'Đồng ý chuyển viện, liên hệ tuyến trên ngay.', N'ND0001    ', N'ND0005    ', N'BN0001    ', N'ND0001    ')
INSERT [dbo].[PYC_CHUYENVIEN] ([idYeuCauChuyenVien], [NgayLap], [LyDo], [CoSoChuyenDen], [DiaChi], [NgayChuyen], [TrangThai], [NgayPheDuyet], [GhiChu], [MucDo], [YkienPheDuyet], [idBacSiPhuTrach], [idNguoiPheDuyet], [idBenhNhan], [idNguoiDung]) VALUES (N'YCCV0002  ', CAST(N'2023-11-05' AS Date), N'Điều trị chuyên sâu về ung bướu.', N'Bệnh viện Ung Bướu TP.HCM', N'3 Nơ Trang Long, Phường 7, Bình Thạnh, TP.HCM', CAST(N'2023-11-10' AS Date), N'Đã duyệt', CAST(N'2025-06-23' AS Date), N'Bệnh nhân có nguyện vọng chuyển viện', N'Thường', NULL, N'ND0002    ', N'ND0001    ', N'BN0002    ', N'ND0002    ')
INSERT [dbo].[PYC_CHUYENVIEN] ([idYeuCauChuyenVien], [NgayLap], [LyDo], [CoSoChuyenDen], [DiaChi], [NgayChuyen], [TrangThai], [NgayPheDuyet], [GhiChu], [MucDo], [YkienPheDuyet], [idBacSiPhuTrach], [idNguoiPheDuyet], [idBenhNhan], [idNguoiDung]) VALUES (N'YCCV0003  ', CAST(N'2023-11-15' AS Date), N'Yêu cầu chuyển viện theo nguyện vọng gia đình.', N'Bệnh viện Quốc tế City', N'Số 3, Đường 17A, Bình Trị Đông B, Bình Tân, TP.HCM', CAST(N'2023-11-20' AS Date), N'Từ chối', CAST(N'2023-11-16' AS Date), NULL, N'Thường', N'Tình trạng bệnh nhân có thể điều trị ổn định tại đây, chưa cần thiết chuyển viện.', N'ND0003    ', N'ND0005    ', N'BN0003    ', N'ND0001    ')
INSERT [dbo].[PYC_CHUYENVIEN] ([idYeuCauChuyenVien], [NgayLap], [LyDo], [CoSoChuyenDen], [DiaChi], [NgayChuyen], [TrangThai], [NgayPheDuyet], [GhiChu], [MucDo], [YkienPheDuyet], [idBacSiPhuTrach], [idNguoiPheDuyet], [idBenhNhan], [idNguoiDung]) VALUES (N'YCCV0004  ', CAST(N'2023-12-01' AS Date), N'Cần thiết bị chẩn đoán hình ảnh cao cấp hơn.', N'Bệnh viện Đại học Y Dược TP.HCM', N'215 Hồng Bàng, Phường 11, Quận 5, TP.HCM', CAST(N'2023-12-05' AS Date), N'Đã duyệt', CAST(N'2023-12-02' AS Date), N'Đã liên hệ và được bệnh viện tuyến trên chấp nhận.', N'Khẩn cấp', N'Duyệt', N'ND0001    ', N'ND0004    ', N'BN0004    ', N'ND0003    ')
INSERT [dbo].[PYC_CHUYENVIEN] ([idYeuCauChuyenVien], [NgayLap], [LyDo], [CoSoChuyenDen], [DiaChi], [NgayChuyen], [TrangThai], [NgayPheDuyet], [GhiChu], [MucDo], [YkienPheDuyet], [idBacSiPhuTrach], [idNguoiPheDuyet], [idBenhNhan], [idNguoiDung]) VALUES (N'YCCV0005  ', CAST(N'2024-01-10' AS Date), N'Chấn thương chỉnh hình.', N'Bệnh viện Chấn thương Chỉnh hình TP.HCM', N'929 Trần Hưng Đạo, Phường 1, Quận 5, TP.HCM', CAST(N'2024-01-10' AS Date), N'Đã duyệt', CAST(N'2025-06-23' AS Date), N'Cần hội chẩn thêm', N'Khẩn cấp', NULL, N'ND0005    ', N'ND0001    ', N'BN0005    ', N'ND0002    ')
INSERT [dbo].[PYC_CHUYENVIEN] ([idYeuCauChuyenVien], [NgayLap], [LyDo], [CoSoChuyenDen], [DiaChi], [NgayChuyen], [TrangThai], [NgayPheDuyet], [GhiChu], [MucDo], [YkienPheDuyet], [idBacSiPhuTrach], [idNguoiPheDuyet], [idBenhNhan], [idNguoiDung]) VALUES (N'YCCV0006  ', CAST(N'2025-06-23' AS Date), N'thích', N'a', N'a', CAST(N'2025-06-23' AS Date), N'Đã duyệt', CAST(N'2025-06-23' AS Date), N'', N'medium', NULL, N'ND0002    ', N'ND0001    ', N'BN0003    ', N'ND0001    ')
GO
INSERT [dbo].[P_CHUYENVIEN] ([idChuyenVien], [NgayLap], [NgayChuyen], [ThoiGianDuKien], [SDT_CoSoYTe], [YThuc], [GhiChu], [TrangThai], [NgayPheDuyet], [idYeuCauChuyenVien], [idNguoiDiKem], [idNguoiPheDuyet], [idNguoiDung], [Phuongtien]) VALUES (N'CV0001    ', CAST(N'2025-06-25' AS Date), CAST(N'2025-06-26' AS Date), CAST(N'14:00:00' AS Time), N'0243856789', N'Tỉnh táo', N'Bệnh nhân cần phẫu thuật tim mạch', N'Đã phê duyệt', CAST(N'2025-06-25' AS Date), N'YCCV0001  ', N'ND0001    ', N'ND0001    ', N'ND0001    ', N'Xe cứu thương')
INSERT [dbo].[P_CHUYENVIEN] ([idChuyenVien], [NgayLap], [NgayChuyen], [ThoiGianDuKien], [SDT_CoSoYTe], [YThuc], [GhiChu], [TrangThai], [NgayPheDuyet], [idYeuCauChuyenVien], [idNguoiDiKem], [idNguoiPheDuyet], [idNguoiDung], [Phuongtien]) VALUES (N'CV0002    ', CAST(N'2025-06-24' AS Date), CAST(N'2025-06-25' AS Date), CAST(N'09:30:00' AS Time), N'0287654321', N'Hôn mê', N'Tai nạn giao thông nghiêm trọng', N'Đang chuyển', CAST(N'2025-06-24' AS Date), N'YCCV0002  ', N'ND0002    ', N'ND0002    ', N'ND0002    ', N'Trực thăng y tế')
INSERT [dbo].[P_CHUYENVIEN] ([idChuyenVien], [NgayLap], [NgayChuyen], [ThoiGianDuKien], [SDT_CoSoYTe], [YThuc], [GhiChu], [TrangThai], [NgayPheDuyet], [idYeuCauChuyenVien], [idNguoiDiKem], [idNguoiPheDuyet], [idNguoiDung], [Phuongtien]) VALUES (N'CV0003    ', CAST(N'2025-06-23' AS Date), CAST(N'2025-06-24' AS Date), CAST(N'11:00:00' AS Time), N'0234567890', N'Tỉnh táo', N'Bệnh nhân ung thư cần xạ trị', N'Đã hoàn thành', CAST(N'2025-06-23' AS Date), N'YCCV0003  ', N'ND0003    ', N'ND0003    ', N'ND0003    ', N'Xe ô tô')
INSERT [dbo].[P_CHUYENVIEN] ([idChuyenVien], [NgayLap], [NgayChuyen], [ThoiGianDuKien], [SDT_CoSoYTe], [YThuc], [GhiChu], [TrangThai], [NgayPheDuyet], [idYeuCauChuyenVien], [idNguoiDiKem], [idNguoiPheDuyet], [idNguoiDung], [Phuongtien]) VALUES (N'CV0004    ', CAST(N'2025-06-22' AS Date), CAST(N'2025-06-23' AS Date), CAST(N'16:45:00' AS Time), N'0298765432', N'Lơ mơ', N'Suy thận mạn tính cần lọc máu', N'Bị từ chối', NULL, N'YCCV0004  ', NULL, N'ND0004    ', N'ND0004    ', N'Xe cứu thương')
INSERT [dbo].[P_CHUYENVIEN] ([idChuyenVien], [NgayLap], [NgayChuyen], [ThoiGianDuKien], [SDT_CoSoYTe], [YThuc], [GhiChu], [TrangThai], [NgayPheDuyet], [idYeuCauChuyenVien], [idNguoiDiKem], [idNguoiPheDuyet], [idNguoiDung], [Phuongtien]) VALUES (N'CV0005    ', CAST(N'2025-06-21' AS Date), CAST(N'2025-06-22' AS Date), CAST(N'08:15:00' AS Time), N'0276543210', N'Tỉnh táo', N'Bệnh nhân sản khoa có biến chứng', N'Chờ phê duyệt', NULL, N'YCCV0005  ', N'ND0005    ', NULL, N'ND0005    ', N'Xe cứu thương')
GO

-- tạm ứng viện phí
INSERT [dbo].[HOADON_TAMUNGVIENPHI] ([idTamUngVienPhi], [NgayLap], [HinhThucThanhToan], [SoTienTamUng], [TrangThai], [GhiChu], [idBenhNhan], [idNguoiDung]) VALUES (N'TUVP0001  ', CAST(N'2024-10-20' AS Date), N'Tiền mặt', CAST(5000000 AS Decimal(18, 0)), N'Đã sử dụng', N'Tạm ứng nhập khoa Nội', N'BN0001    ', N'ND0001    ')
INSERT [dbo].[HOADON_TAMUNGVIENPHI] ([idTamUngVienPhi], [NgayLap], [HinhThucThanhToan], [SoTienTamUng], [TrangThai], [GhiChu], [idBenhNhan], [idNguoiDung]) VALUES (N'TUVP0002  ', CAST(N'2024-10-25' AS Date), N'Chuyển khoản', CAST(10000000 AS Decimal(18, 0)), N'Đã sử dụng', N'Tạm ứng cho ca phẫu thuật', N'BN0001    ', N'ND0001    ')
INSERT [dbo].[HOADON_TAMUNGVIENPHI] ([idTamUngVienPhi], [NgayLap], [HinhThucThanhToan], [SoTienTamUng], [TrangThai], [GhiChu], [idBenhNhan], [idNguoiDung]) VALUES (N'TUVP0003  ', CAST(N'2024-10-26' AS Date), N'Quẹt thẻ', CAST(3000000 AS Decimal(18, 0)), N'Còn lại', N'Tạm ứng nhập khoa Cấp Cứu', N'BN0003    ', N'ND0001    ')
INSERT [dbo].[HOADON_TAMUNGVIENPHI] ([idTamUngVienPhi], [NgayLap], [HinhThucThanhToan], [SoTienTamUng], [TrangThai], [GhiChu], [idBenhNhan], [idNguoiDung]) VALUES (N'TUVP0004  ', CAST(N'2024-09-15' AS Date), N'Tiền mặt', CAST(2000000 AS Decimal(18, 0)), N'Đã hoàn trả', N'Hoàn trả tiền tạm ứng thừa', N'BN0002    ', N'ND0001    ')
INSERT [dbo].[HOADON_TAMUNGVIENPHI] ([idTamUngVienPhi], [NgayLap], [HinhThucThanhToan], [SoTienTamUng], [TrangThai], [GhiChu], [idBenhNhan], [idNguoiDung]) VALUES (N'TUVP0005  ', CAST(N'2024-10-27' AS Date), N'Tiền mặt', CAST(7000000 AS Decimal(18, 0)), N'Chưa sử dụng', N'Tạm ứng cho gói sinh', N'BN0002    ', N'ND0001    ')
GO

-- hoá đơn viện phí
INSERT [dbo].[NOITRU] ([idNoiTru], [NgayNhapVien], [NgayRaVien], [DonGiaNgay], [GhiChu], [idBenhNhan]) VALUES (N'NT0001    ', CAST(N'2023-10-15' AS Date), CAST(N'2023-10-20' AS Date), CAST(750000 AS Decimal(18, 0)), N'Tình trạng ổn định khi ra viện', N'BN0001    ')
INSERT [dbo].[NOITRU] ([idNoiTru], [NgayNhapVien], [NgayRaVien], [DonGiaNgay], [GhiChu], [idBenhNhan]) VALUES (N'NT0002    ', CAST(N'2023-11-01' AS Date), NULL, CAST(900000 AS Decimal(18, 0)), N'Đang theo dõi hậu phẫu', N'BN002     ')
INSERT [dbo].[NOITRU] ([idNoiTru], [NgayNhapVien], [NgayRaVien], [DonGiaNgay], [GhiChu], [idBenhNhan]) VALUES (N'NT0003    ', CAST(N'2023-09-05' AS Date), CAST(N'2023-09-15' AS Date), CAST(600000 AS Decimal(18, 0)), N'Điều trị viêm phổi', N'BN0003    ')
INSERT [dbo].[NOITRU] ([idNoiTru], [NgayNhapVien], [NgayRaVien], [DonGiaNgay], [GhiChu], [idBenhNhan]) VALUES (N'NT0004    ', CAST(N'2023-11-10' AS Date), NULL, CAST(1200000 AS Decimal(18, 0)), N'Phòng dịch vụ, chăm sóc đặc biệt', N'BN0004    ')
INSERT [dbo].[NOITRU] ([idNoiTru], [NgayNhapVien], [NgayRaVien], [DonGiaNgay], [GhiChu], [idBenhNhan]) VALUES (N'NT0005    ', CAST(N'2023-08-20' AS Date), CAST(N'2023-08-21' AS Date), CAST(500000 AS Decimal(18, 0)), N'Theo dõi qua đêm do ngộ độc thực phẩm', N'BN0005    ')
GO
INSERT [dbo].[HOADON_VIENPHI] ([idVienPhi], [NgayLap], [HinhThucThanhToan], [GhiChu], [TrangThai], [idKhamBenh], [idTamUngVienPhi], [idNguoiDung]) VALUES (N'HDVP0001  ', CAST(N'2024-10-22' AS Date), N'Tiền mặt', N'Thanh toán chi phí khám và thuốc', N'Đã thanh toán', N'KB0001    ', N'TUVP0001  ', N'ND0001    ')
INSERT [dbo].[HOADON_VIENPHI] ([idVienPhi], [NgayLap], [HinhThucThanhToan], [GhiChu], [TrangThai], [idKhamBenh], [idTamUngVienPhi], [idNguoiDung]) VALUES (N'HDVP0002  ', CAST(N'2024-10-28' AS Date), N'Trừ vào tạm ứng', N'Tất toán viện phí, khấu trừ từ tạm ứng', N'Đã thanh toán', N'KB0002    ', N'          ', N'ND001     ')
INSERT [dbo].[HOADON_VIENPHI] ([idVienPhi], [NgayLap], [HinhThucThanhToan], [GhiChu], [TrangThai], [idKhamBenh], [idTamUngVienPhi], [idNguoiDung]) VALUES (N'HDVP0003  ', CAST(N'2024-10-29' AS Date), NULL, N'Hóa đơn dịch vụ xét nghiệm bổ sung', N'Chưa thanh toán', N'KB0003    ', NULL, N'ND0001    ')
INSERT [dbo].[HOADON_VIENPHI] ([idVienPhi], [NgayLap], [HinhThucThanhToan], [GhiChu], [TrangThai], [idKhamBenh], [idTamUngVienPhi], [idNguoiDung]) VALUES (N'HDVP0004  ', CAST(N'2024-09-20' AS Date), N'Chuyển khoản', N'Thanh toán gói khám sức khỏe tổng quát', N'Đã thanh toán', N'KB0004    ', NULL, N'ND0001    ')
INSERT [dbo].[HOADON_VIENPHI] ([idVienPhi], [NgayLap], [HinhThucThanhToan], [GhiChu], [TrangThai], [idKhamBenh], [idTamUngVienPhi], [idNguoiDung]) VALUES (N'HDVP0005  ', CAST(N'2024-09-18' AS Date), NULL, N'Hủy do tính sai chi phí thuốc', N'Đã hủy', N'KB0005    ', NULL, N'NN0001    ')
GO
INSERT [dbo].[CT_HOADONVIENPHI] ([idCTVienPhi], [idVienPhi], [idCanLamSang], [idNoiTru]) VALUES (N'CTVP0001  ', N'HDVP0001  ', N'CLS0002   ', NULL)
INSERT [dbo].[CT_HOADONVIENPHI] ([idCTVienPhi], [idVienPhi], [idCanLamSang], [idNoiTru]) VALUES (N'CTVP0002  ', N'HDVP0001  ', N'CLS0005   ', NULL)
INSERT [dbo].[CT_HOADONVIENPHI] ([idCTVienPhi], [idVienPhi], [idCanLamSang], [idNoiTru]) VALUES (N'CTVP0003  ', N'HDVP0002  ', NULL, N'NT0001    ')
INSERT [dbo].[CT_HOADONVIENPHI] ([idCTVienPhi], [idVienPhi], [idCanLamSang], [idNoiTru]) VALUES (N'CTVP0004  ', N'HDVP0003  ', N'CLS0008   ', NULL)
INSERT [dbo].[CT_HOADONVIENPHI] ([idCTVienPhi], [idVienPhi], [idCanLamSang], [idNoiTru]) VALUES (N'CTVP0005  ', N'HDVP0003  ', N'CLS0009   ', NULL)
GO

